<?xml version="1.0" encoding="UTF-8"?>
<!DOCTYPE log4j:configuration PUBLIC "-//APACHE//DTD LOG4J 1.2//EN" "http://logging.apache.org/log4j/1.2/apidocs/org/apache/log4j/xml/doc-files/log4j.dtd">
<log4j:configuration xmlns:log4j="http://jakarta.apache.org/log4j/">

	<!-- Appenders -->
	<appender name="console" class="org.apache.log4j.ConsoleAppender">
		<param name="Target" value="System.out" />
		<layout class="org.apache.log4j.PatternLayout">
			<param name="ConversionPattern" value="%-5p: %c - %m%n" />
		</layout>
	</appender>
	<!-- DailyRolling File Appenders -->
	<appender name="dailyFileAppender" class="org.apache.log4j.DailyRollingFileAppender">
		<param name="File" value="C:\\spring\\logs\\output.log" />
		<param name="Append" value="true" />
		<layout class="org.apache.log4j.PatternLayout">
			<param name="DatePattern"   value="'.'yyyy-MM-dd" />
			<param name="ConversionPattern"   value="[%d{HH:mm:ss}][%-5p](%F:%L)-%m%n"/>
		</layout>
	</appender>
	
	<!-- Application Loggers -->
	<logger name="com.myspring.pro27">
		<level value="info" />
	</logger>
	
	<!-- 3rdparty Loggers -->
	<logger name="org.springframework.core">
		<level value="info" />
	</logger>
	
	<logger name="org.springframework.beans">
		<level value="info" />
	</logger>
	
	<logger name="org.springframework.context">
		<level value="info" />
	</logger>

	<logger name="org.springframework.web">
		<level value="info" />
	</logger>

	<!-- Root Logger -->
	<root>
		<priority value="info" />
		<appender-ref ref="console" />
		<!-- <appender-ref ref="dailyFileAppender" /> -->
	</root>
	
</log4j:configuration>
